StudentID,Gender,Age,Major,AttendanceRate,StudyHoursPerWeek,PreviousGPA,HomeworkScore,ExamScore,Grade
S0001,M,22,CS,0.7991995293745006,15.675036031554429,3.049873479394008,72.82149136975829,43.861839028916755,Fail
S0002,F,24,Chemistry,0.7011846761327966,,2.7197379559255346,94.36591480493014,70.843615433732,Pass
S0003,M,18,Math,0.5465664160882595,8.065153279536078,2.5597272157287816,95.55570933109895,44.360161210559795,Fail
S0004,M,20,Physics,0.9480683300193066,19.405895094207512,3.0216380348817764,91.1088630215457,66.6693176458888,Pass
S0005,M,19,CS,0.7471740524600614,8.595286525521123,3.208518225694845,65.71731789890976,63.97149637420305,Pass
S0006,F,26,Biology,0.836378063841878,15.568937899369196,3.698105260772992,86.33982598252406,93.93411103078088,Pass
S0007,M,27,Math,0.8269768128092089,26.084255177688657,3.1590933163793324,81.64205906070933,56.73117348642645,Fail
S0008,M,23,Chemistry,0.7497721591435831,12.852537249900406,3.3851583209769305,95.78793412024496,61.29864507333944,Pass
S0009,M,27,Engineering,1.0,24.198066322507295,3.3919699039497226,71.40691865693377,68.1325654945517,Pass
S0010,F,20,Math,0.7929103021056486,6.498195571915153,4.0,55.00084563275126,64.55741427295003,Pass
S0011,M,25,CS,0.5663071523484998,11.262636290782401,1.9139805580364526,90.35355200570409,99.64658635359378,Fail
S0012,M,25,Chemistry,0.7399427959725023,5.149991816495585,2.587239679897693,41.62447425114347,54.50578728510685,Fail
S0013,M,19,Physics,0.8749606430168166,15.510977291813504,3.8844336314928483,69.02729894155505,68.17071901825484,Pass
S0014,M,23,Math,0.8798892664055827,20.46054725801608,2.788792155087916,64.65206733022558,80.97717448495932,Pass
S0015,F,24,CS,0.6368328597107358,15.526309613243303,3.5314818825610317,64.5509799364138,90.86130017475612,Pass
S0016,M,19,Biology,0.9394223761017155,23.589350419791064,3.138005714257702,68.76452793567357,68.15565199325634,Pass
S0017,F,27,Engineering,0.535569960669344,9.755745315596089,4.0,98.26060354627445,40.474207190931736,Fail
S0018,F,19,Chemistry,0.9716202803924627,16.57739927582347,2.332167343761773,92.30833128509559,72.29812401146091,Pass
S0019,F,27,Math,0.6020978166293892,11.307714734703005,3.733080331511288,76.22403977011243,99.33651257125287,Pass
S0020,M,18,Math,0.7660632171486986,17.531736097965585,4.0,97.00435207788574,80.07937333374768,Pass
S0021,F,25,Physics,0.959685301704005,18.52615232348698,2.3913486736992002,64.06554267250439,79.25552152247879,Pass
S0022,M,18,Physics,0.8179408503330604,19.076771719888438,3.4697221461488077,62.02574921379263,55.86567615161406,Fail
S0023,F,26,Biology,0.9225047776570355,7.505839632350786,2.4207012085025665,92.95394988869886,54.01791137480404,Fail
S0024,F,23,Engineering,0.8927992939564898,8.771777287494018,3.018096943521075,88.69464843983971,75.32474967541378,Pass
S0025,F,24,Biology,0.9929402920106902,10.069986042661677,2.846047241890696,73.09604897625016,49.32517939893466,Fail
S0026,F,27,CS,0.9593314776370568,13.327834764933819,1.5583476390601878,62.96808659452804,89.06452000252519,Pass
S0027,F,24,CS,0.7319383537195338,15.610304829445012,3.2545405558271394,100.0,59.76036752040548,Fail
S0028,F,27,Biology,0.8949412450690198,19.956623852996735,3.0860035005637387,54.19846173578273,74.55616894683311,Pass
S0029,F,20,Engineering,0.5710172207453381,9.063309104625379,3.887447384043456,71.0236109698466,41.056195462423645,Fail
S0030,F,19,Biology,0.7913142638993323,3.7928649160877335,3.3666861927897256,83.42864791276845,67.91156636801688,Pass
S0031,M,26,Engineering,0.922772710195781,30.09020214244753,4.0,100.0,53.654510151656346,Fail
S0032,M,25,Engineering,0.8200771481369,7.079828855432989,3.0642254292472284,85.7465031810983,33.20478448784741,Fail
S0033,F,27,Chemistry,0.8669959597275629,20.85426606096886,2.9366819687986156,87.20456979519948,84.75315760805371,Pass
S0034,F,24,Engineering,0.7680091436051314,15.218868140740721,2.8893860095697423,71.45924449777809,100.0,Pass
S0035,F,26,Physics,0.9693604156302714,16.759139485644663,2.7362467733809357,88.52720337911897,95.33052460819103,Pass
S0036,M,21,Engineering,0.7879376339436511,14.989146459148682,1.6753494501704587,81.5796398131863,87.27043241826848,Pass
S0037,F,21,Engineering,0.7301824726393921,12.30610682637012,2.8678832237952254,56.17303189373663,67.54581897698017,Pass
S0038,M,18,Engineering,0.9329776118853582,18.247805980464214,1.7592871641384047,91.8940228023966,89.50602411386087,Pass
S0039,M,25,CS,0.5892260116453311,11.92988955619893,3.271220006751461,94.55590084770277,97.02935757432711,Fail
S0040,M,20,Physics,0.8751550015276018,23.164119230657526,2.255963824517649,92.05047573231744,77.46279293408328,Pass
S0041,M,24,Physics,0.6436272688659292,18.97908704379308,2.4634004261469484,80.49991888498703,53.68151689838359,Fail
S0042,M,19,Biology,0.9916890243857248,19.197158792970455,2.598353883100469,65.65734675275529,66.01108262535531,Pass
S0043,F,19,Chemistry,0.7608459120129807,11.450138579603868,2.877038977312053,45.36224403072702,100.0,Pass
S0044,F,24,Engineering,0.8202477081229533,13.345516840377028,3.0041209529634223,82.35580408102176,73.65460497329701,Pass
S0045,F,23,Math,0.8618855594966184,6.684610339505546,3.6506877498438426,96.22913089611274,15.15439704160027,Fail
S0046,F,20,Chemistry,0.5105473105528765,12.528887602921063,2.6534819438954678,94.93298703624622,48.559377653936515,Fail
S0047,F,26,Chemistry,0.7024122737664715,7.74396858550592,3.2880876817334217,92.24109265090772,67.35992334343534,Pass
S0048,M,27,Physics,0.956531886392983,24.191479609121,4.0,78.88683532175914,93.64485429151622,Pass
S0049,F,23,Chemistry,0.9301647536256333,15.353750709158042,3.226410421657938,96.31196261047245,70.08379765667559,Pass
S0050,F,27,Engineering,0.8424548308092825,16.193480645283014,2.8917061266410196,93.86242735783854,93.97976978951868,Pass
S0051,M,27,Engineering,0.5975804642861715,13.423974308549852,2.5325090088430215,73.66049658917663,65.52907763614519,Fail
S0052,F,23,CS,0.8878255191287869,16.383052454359856,2.883401072747803,90.1489702492377,39.64273459975897,Fail
S0053,M,18,Engineering,0.9070099385308169,32.254143451003785,2.4682677938343565,71.96061281886062,66.15189914523448,Pass
S0054,F,21,Engineering,0.8070525819685618,12.89901800925256,3.1611968560102635,88.10036347425383,81.20901002783313,Pass
S0055,M,27,Physics,0.9834756425887187,10.447108757030044,3.062126483183636,60.513250335483995,79.71510628814364,Pass
S0056,F,23,Engineering,0.6974852314804816,18.707851930338098,1.702668467449324,61.66682286990618,52.40806051338056,Fail
S0057,F,23,CS,0.7235213633750038,0.0,2.9888651965403596,95.8731057041586,68.67846836753222,Pass
S0058,M,22,Math,0.4273082631371279,15.447697508376532,3.6456877875840075,94.06340183307147,100.0,Fail
S0059,M,18,Physics,0.9379741265221496,12.398009676949695,2.76053288867835,89.50417310863747,52.80116112665622,Fail
S0060,M,25,Math,0.8470792945205202,8.05380713774734,2.608261936553063,81.31953231579246,86.89302110034748,Pass
S0061,M,22,Physics,0.5477269512300157,18.5543036921805,2.1733795361298887,44.130883534637775,37.259837425743676,Fail
S0062,M,22,Biology,0.5362101500008779,15.37791892912055,1.8852047750253573,78.87686092690265,90.54825284225392,Fail
S0063,M,24,Chemistry,0.6691054058943484,2.3831376475404804,3.4988095602379525,86.81274750784758,58.938142976607956,Fail
S0064,M,21,Biology,0.919048691297053,10.474293351652936,2.8911130022524825,71.97900128660613,82.23758864765293,Pass
S0065,M,23,Engineering,0.7549459267867058,0.0,3.4632129372020537,69.31258710787644,51.752539168172376,Fail
S0066,F,21,Math,0.6792819625009513,17.052885198934522,3.9187942467476815,100.0,80.23535040318073,Pass
S0067,F,20,Engineering,0.6490826160374756,16.9830959290811,3.552748610946207,79.09566512912582,58.64429467665411,Fail
S0068,M,24,Chemistry,0.642363206325772,9.447026743164287,2.6745766071367227,86.8219275446357,62.12913270660074,Pass
S0069,F,25,Physics,0.509948254833866,18.780788981781885,3.086920598794533,91.61197192429047,82.95574811511055,Fail
S0070,F,21,Chemistry,0.6188906252530438,6.022509652149344,2.631136280905849,64.97844385242384,67.25306142485371,Pass
S0071,F,19,CS,0.6394132880484249,8.23438081845505,2.5750269224390023,82.8981113407129,81.8468660678936,Pass
S0072,F,27,Chemistry,0.902393485468572,17.92033325067795,3.2056890974415744,99.79466741715949,71.56485626441969,Pass
S0073,M,20,CS,0.7751415420280078,10.179332715259397,2.5006236701290967,100.0,76.21488626245095,Pass
S0074,F,18,Chemistry,0.6761622735473808,14.561401306582889,1.6745090285467794,80.59904595822036,83.01155648436124,Pass
S0075,M,25,CS,1.0,11.054456808015603,2.467111262563574,76.43084678979388,68.69966781735947,Pass
S0076,F,20,Math,0.7004154629680002,12.123481905905711,2.815871310787576,84.035361022063,57.07110385196807,Fail
S0077,F,27,Engineering,0.9750654371575455,12.429430488315049,3.9128390986991533,83.65455570541282,65.41837921326378,Pass
S0078,F,24,Engineering,1.0,10.052702699472757,2.7054375300771807,100.0,96.51250523700185,Pass
S0079,M,27,Biology,0.5645059493513986,17.117148000520867,3.307154454617565,65.05412466249399,77.0911155133779,Fail
S0080,F,22,Engineering,0.8110944446110353,10.604500592722355,2.899015059622758,75.80190370750968,59.791827838611475,Fail
S0081,M,27,Physics,0.7223699523637664,15.109806996569215,3.7358430863222303,63.242880096852346,82.22809095097894,Pass
S0082,F,22,Chemistry,0.7101613405160997,9.898878230379177,3.6942578312783754,64.81857671303635,83.42968052890448,Pass
S0083,M,24,Biology,0.8833065225210363,4.259909615308789,3.705705063143952,85.64861022708686,84.35998336436059,Pass
S0084,F,26,Physics,0.7065694255365075,21.387046744814164,1.9596098823495884,92.1478676245554,57.39893039331686,Fail
S0085,M,22,Physics,0.7256046430510295,18.49668889566786,3.1240344283469965,70.25912459384382,62.71696210285389,Pass
S0086,M,18,CS,0.774782765656206,31.020774481583704,3.4553631600731687,91.58142183462934,62.81707410503379,Pass
S0087,F,27,Engineering,0.7439901097435146,7.692190120012192,3.2289231375535987,96.67367985697952,68.50833758280855,Pass
S0088,M,27,Math,0.6239644689481813,13.537276588675786,3.3819577954930975,100.0,84.70054533258723,Pass
S0089,F,18,Math,0.9193859757271211,14.10044763400936,3.0350106025712864,81.04620273261574,80.33132648515824,Pass
S0090,F,19,Biology,0.9572796407761401,21.92558606797492,2.553129475964084,70.40353208833801,81.75390522882893,Pass
S0091,F,23,Math,0.8515427884302826,11.450244741071742,1.981741569008249,64.96292102591157,99.37234456268742,Pass
S0092,F,26,Chemistry,0.7435171023466601,6.802707020769018,2.612658342810915,63.47310203120159,87.40003678484933,Pass
S0093,F,25,Math,0.6942183895505328,23.454665159227016,4.0,98.7467105210541,72.44757075007043,Pass
S0094,F,22,Biology,0.694456990561033,12.783449795171403,2.708609294345597,57.273569855665244,53.690066831055006,Fail
S0095,F,18,Math,1.0,21.1505045680823,1.8243658643455538,98.26622728476801,62.138153847524336,Pass
S0096,F,24,Chemistry,0.9406757452349966,20.33538880554548,3.4395896164374498,66.97338456121777,70.28930878179192,Pass
S0097,F,22,CS,0.6739834882124993,14.790766682683902,3.513276005209587,69.72190703210892,89.92433689205005,Pass
S0098,F,23,Biology,0.8247046741155711,13.779804064756764,3.772394634091284,77.7266681748503,74.50802518609032,Pass
S0099,F,24,CS,0.7456197462350956,12.259046355691368,3.2825871022240682,69.44518175650234,63.18847281200802,Pass
S0100,M,20,CS,0.8875700564234437,14.893648098610074,3.507360908680171,93.97969632439363,61.80792805690994,Pass
S0101,M,27,CS,0.8815248654184014,21.041701583194417,4.0,100.0,73.74759223941793,Pass
S0102,F,20,Physics,0.9625414480858207,,2.552715904762731,,91.0197761199078,Pass
S0103,F,22,Engineering,0.6724165312006707,15.761919411463843,2.4336895767457696,73.5164324125306,100.0,Pass
S0104,F,23,Physics,0.8157102947957197,7.169580002608346,2.343248076268243,77.55018789074153,71.29616523546598,Pass
S0105,F,26,Engineering,0.5377179522563711,8.041256368704651,2.84053824810361,88.11585145238956,74.19462274627324,Fail
S0106,F,22,CS,0.6113989549356734,14.783427019910631,3.860053451895101,77.69773581566216,53.14904928916711,Fail
S0107,F,18,Biology,0.9326151254838769,1.2788939419431766,3.316841020647741,100.0,100.0,Pass
S0108,F,21,Engineering,0.657397431289201,,3.2932151716255307,97.1993587484289,49.78194891319049,Fail
S0109,F,22,Chemistry,0.6738636802928218,6.648580315628346,1.9084152428011658,62.2180646960735,96.0899216120499,Pass
S0110,M,27,Chemistry,0.7987582888174927,14.719380411404126,2.5840879036581486,87.81452248362243,68.42395284577553,Pass
S0111,F,27,Math,0.904214154626981,23.177524052718052,1.898605420282778,100.0,64.21140311087426,Pass
S0112,M,22,Engineering,0.6408759806248856,8.95966262874651,3.702747473592926,72.57828581349675,55.01993570605332,Fail
S0113,F,24,Biology,0.2778786756859875,0.0,3.9513878957314397,75.58602692309665,100.0,Fail
S0114,F,21,Physics,0.6694665136784733,11.885379679127299,3.467740036344229,72.07944503220567,78.9868492190111,Pass
S0115,M,18,CS,0.9808442116929256,8.876257339467166,2.407928372556273,72.39386576714742,75.38304786787315,Pass
S0116,F,22,Math,0.8514702576525311,0.0,3.889213496169474,54.97322672133428,90.96118247198176,Pass
S0117,M,24,Chemistry,0.9985812205680821,16.994229248005393,2.848047053984874,60.07527572802424,63.28501093866066,Pass
S0118,F,27,Physics,0.6302275786800957,16.44965703563066,2.271324431548403,81.16210578105844,75.0332271941581,Pass
S0119,F,27,Physics,0.5540905598503916,22.996285181768464,2.4213574472329844,100.0,76.01405316261818,Fail
S0120,M,23,CS,0.8693822828971312,7.154243441357288,2.741906018644898,70.79958781222575,65.7813768177336,Pass
S0121,F,22,Engineering,0.836003410652757,3.8060445948709107,3.029747112290824,70.35864045577163,96.59348542534646,Pass
S0122,M,21,Chemistry,0.8458331480565888,12.152938418673912,2.903193473008924,100.0,71.06422059307373,Pass
S0123,F,19,Biology,0.9399494963975853,14.381601386936335,2.1523989490973836,63.3761380727602,47.043623039361066,Fail
S0124,M,21,Physics,0.863252738586839,21.449447220905473,3.727989845511385,55.08135255940367,69.57304745662427,Pass
S0125,M,27,CS,,24.87397603503611,2.9096364483378943,67.5722684579375,79.48521609085016,Pass
S0126,F,27,Biology,0.9072510520701712,23.50135393735143,2.5717476862376096,70.0582328180845,58.917121790023046,Fail
S0127,F,20,Engineering,0.8753624948280542,16.935805668248666,3.6661814171896583,53.78820372957402,60.3372937229321,Pass
S0128,M,27,Chemistry,0.9286168897576109,20.596494774529035,2.2899562870400816,,65.16733731373127,Pass
S0129,F,18,Engineering,0.9512781237167873,10.51654595661571,2.022665889855291,94.22669524792303,96.98224188120528,Pass
S0130,F,25,Physics,1.0,16.178766347326725,3.763492467959243,60.71067839427761,66.23115559237729,Pass
S0131,F,22,Biology,0.7026213012644482,6.6609690249853575,4.0,81.31367328430383,100.0,Pass
S0132,M,21,Biology,0.8720843161116121,15.438797778208112,2.722742388809161,85.93903513440159,63.93089211332996,Pass
S0133,M,25,Biology,0.7444514947104055,15.620526881786088,2.972417995249713,78.7492358708856,80.85025445261775,Pass
S0134,M,24,Physics,0.67496615190811,27.05490023979479,2.312001171287458,82.7853888461159,66.96763186404448,Pass
S0135,M,19,Physics,0.6965689518379451,13.397119969568275,3.003295530146036,82.95990893892817,88.5734970652285,Pass
S0136,M,18,Engineering,0.8742433276342289,15.630299863573004,2.7145768417612817,67.80908064622352,54.87106521782498,Fail
S0137,M,21,Math,0.8627378832179001,16.6587299099843,2.9387229359790004,100.0,88.37147063239017,Pass
S0138,M,25,Engineering,0.8600618043857656,11.816257788780828,3.2455550325583458,98.71635251114323,77.04964920557431,Pass
S0139,M,19,Chemistry,0.7661429528646001,9.38255086751847,2.341112713181492,97.84867095861752,63.48014729800592,Pass
S0140,M,20,CS,0.8005122126767616,,2.7829131964604596,95.20513610815796,72.0080132752173,Pass
S0141,F,18,Biology,0.9226629043814075,8.133577899277917,1.917731146933093,56.37530795850464,100.0,Pass
S0142,M,18,Math,0.5765910410526042,5.704573498189088,2.7870076295320274,,77.4812010878541,Fail
S0143,F,20,CS,0.8036963147642877,19.76185765506836,2.9439395574498004,89.83402141324262,62.3508957135725,Pass
S0144,F,22,Math,0.8134934222190185,23.10470389416807,3.137389455036647,56.95214577584325,53.31552090909397,Fail
S0145,F,20,Engineering,0.9129956403616474,11.840132396795527,3.1437459242179253,76.77634467274882,84.09727692175795,Pass
S0146,M,18,Physics,0.5974627382085763,11.947625586450842,3.5423536504421134,84.15190173987932,78.52521444619234,Fail
S0147,M,18,Biology,1.0,16.977804682747553,2.076200088436008,100.0,87.51037251158802,Pass
S0148,M,25,Engineering,0.8320445636642766,10.045031262797716,2.108233782029824,90.87085786841388,48.67995468558284,Fail
S0149,M,27,CS,0.8399870820042405,9.52801235571622,3.317374761835512,67.03151409082548,53.899311847952994,Fail
S0150,F,19,CS,0.739793036400166,21.157148115904562,1.7766232337967505,100.0,95.64382558653419,Pass
S0151,M,20,CS,0.8807033532195266,19.24991770548533,3.109980127262996,80.65669644070833,80.96414964202813,Pass
S0152,M,19,CS,0.8071931075424659,24.178112204226736,2.2918242362460637,76.16238294645362,84.60121532227612,Pass
S0153,M,20,CS,0.9813472916159699,6.231876913441532,3.9436887845503086,,57.67163342205684,Fail
S0154,M,24,Math,0.5837758627904578,11.482762591625685,3.1502714446366666,55.646671429653,57.34223043007947,Fail
S0155,M,18,Engineering,0.8263318744835763,16.96825693588617,2.868506388172163,78.35345744275786,92.84265584745759,Pass
S0156,F,27,Biology,0.8612768522566139,8.520654051579434,3.736632526283507,87.46227885958487,93.69079778577267,Pass
S0157,M,25,Physics,0.7720441408455363,19.491812060082548,2.3619587960574293,74.21925008712176,55.41024923347703,Fail
S0158,F,27,Physics,0.7393001265039432,23.572389610584324,2.475954219547315,86.30678715871338,51.97133107464879,Fail
S0159,M,27,Engineering,0.7455564081546939,10.916494194408562,2.2431270998069346,67.03413393628729,73.045326527176,Pass
S0160,F,27,Engineering,0.8261958904051743,15.270143581589231,2.4809764641906042,77.8860812858357,60.61172783923189,Pass
S0161,M,19,Physics,0.5285061648528941,25.189330830567815,3.036669365620433,84.74810489912949,60.23681617717154,Fail
S0162,M,20,Physics,0.9447522441594844,,3.296371123196232,82.84491315595132,52.47519156430693,Fail
S0163,F,26,Math,0.7279802198456224,20.220608757422827,3.5768530112205257,55.9180236542143,66.5681907309534,Pass
S0164,F,24,Chemistry,0.8191704046050174,19.154004212355265,1.9051655718595564,73.41491073693157,54.21549463260842,Fail
S0165,F,21,Biology,0.8550653400182101,9.023844257205617,2.896882208122025,100.0,55.28278374583374,Fail
S0166,M,27,CS,0.7211291919030566,17.514465803204885,2.335101281285519,72.61330888504223,80.37105323819348,Pass
S0167,F,22,Chemistry,0.7803442389501507,18.89774588542499,2.8768277451071396,80.2371131616776,74.00643178282722,Pass
S0168,M,19,Engineering,0.49471396390617445,13.52740889007268,4.0,78.69866374176584,83.72781626757838,Fail
S0169,M,25,Physics,0.9098185410999609,10.836566218110363,3.175117057200009,100.0,45.31739816371248,Fail
S0170,F,21,Chemistry,0.9620103500483247,6.030916285662016,3.5396789826889474,99.35552183292006,75.17785097693573,Pass
S0171,F,26,Biology,0.544850967209187,2.8358917146409546,4.0,92.11296499728215,100.0,Fail
S0172,M,22,Engineering,0.7390260684955607,1.3648154067518594,3.6764149459048547,65.40136529941199,68.29909528285921,Pass
S0173,M,26,CS,0.6155195932638778,19.05609801007083,2.7312513121878093,85.3877457378812,89.84548211830136,Pass
S0174,F,21,CS,0.7733389517768892,16.033895276587437,2.234500748058037,88.51912614612698,89.68812327793962,Pass
S0175,F,27,Biology,0.8972954502081442,11.613322079212324,2.9819134382874894,69.52092746605918,90.57357494402297,Pass
S0176,F,22,Biology,0.9480963348884938,12.679805915927528,2.6593765294687888,66.94224341228467,77.99991036703182,Pass
S0177,M,26,Physics,0.9682779784140273,16.47329379071339,2.0852872280284953,100.0,85.18954768939585,Pass
S0178,M,25,CS,0.9965815737038319,13.84805850293984,3.1445549983736814,75.48795031674607,87.5822451602341,Pass
S0179,M,20,Engineering,0.7666380832316652,5.616127739973203,3.1595317788356,100.0,86.43802850965844,Pass
S0180,M,18,Chemistry,0.6279562056899841,21.391001541920097,4.0,94.95640633241801,54.886472876758866,Fail
S0181,M,20,Engineering,0.7828114549538048,17.128883194688665,2.782942158697912,86.11815173562982,44.26707931420824,Fail
S0182,M,21,Math,0.8949901253455365,16.861289358696936,3.1680728333816695,86.78797154539227,47.035496218533474,Fail
S0183,F,19,Math,0.6159110328618714,20.862938923508608,2.600708751185871,58.99370659503848,70.13712013711205,Pass
S0184,M,18,Biology,1.0,9.304482507582279,3.5239016584160794,83.10162169751625,85.6906812196076,Pass
S0185,M,24,Physics,0.9346832808140513,23.496120064080895,2.9252293222859223,100.0,55.12059700479148,Fail
S0186,M,25,Math,0.7690149247353006,14.019700036404334,2.2964450346883543,90.22009254778413,91.63146825451928,Pass
S0187,F,24,CS,0.6933692104383139,21.220192162316124,2.9919169070009053,82.31505030596615,65.95904685885804,Pass
S0188,M,22,Engineering,0.6996318378331036,20.141143234413583,3.234313738539001,100.0,66.13040619850658,Pass
S0189,M,18,Engineering,0.8111309320700233,7.728387203982108,3.153164032448138,77.22438916008794,59.95007407416719,Fail
S0190,F,24,Biology,0.7655896095904472,18.52030283439895,3.6275380292975217,70.70666487467474,41.07384553770707,Fail
S0191,M,24,Chemistry,0.9425754132923938,17.283922695926798,2.131166176775586,82.30747874117385,79.12765431182365,Pass
S0192,M,26,Biology,0.7485536257546057,15.212181602460396,2.494354445991035,91.49701052167394,100.0,Pass
S0193,M,20,Chemistry,0.8758252715917237,14.339397749752331,3.3838723990773225,54.233088562876084,73.87203857641386,Pass
S0194,M,26,Biology,0.7956612673737695,14.39874725197546,2.564838613223357,84.27302965235626,41.68863044949266,Fail
S0195,M,18,Biology,0.8404504036095607,20.688825979507968,3.144282749598124,92.15517523304464,89.04617060909604,Pass
S0196,F,18,Biology,0.7654915346605426,19.04537359654057,1.5481528515529426,75.95537562054709,45.753636178146195,Fail
S0197,F,21,Chemistry,0.9061573311874431,15.213351951859654,4.0,96.60447149453962,53.23738085419466,Fail
S0198,F,26,Chemistry,0.9083810120435116,4.556446974700377,2.8381688810655983,89.61779993616605,70.70991289835573,Pass
S0199,M,23,Biology,0.8689893538733217,18.46110389858533,3.716373755992967,100.0,77.21118189372356,Pass
S0200,M,20,Math,0.8911271490724257,20.065295334244457,2.7978613046499055,68.74095653628177,56.8440479789971,Fail
S0201,M,18,Physics,0.6583446833685421,,3.248819117238532,92.46064775744134,70.00831098181236,Pass
S0202,F,21,Physics,0.8484868644363469,22.528031441735266,3.8951517878071633,64.74014138303893,87.87292321369232,Pass
S0203,M,26,Physics,0.98738026512313,1.7057652845917275,3.6994836115250314,55.76950323084911,90.33921992654433,Pass
S0204,M,20,Chemistry,0.8737106850529247,15.5490057931305,2.877327012188865,49.467037357731904,97.52621559265677,Pass
S0205,F,26,Chemistry,0.6453923745797716,27.67962520065487,2.9188474047637847,88.0748603359539,100.0,Pass
S0206,M,24,Math,0.7925350235526373,19.364841998311462,3.602139936109971,82.76371870916154,89.5780077899001,Pass
S0207,F,21,Physics,0.8562466907509564,17.300565122612465,4.0,72.8142341395737,71.09874274072368,Pass
S0208,F,20,Physics,0.6863900724652536,21.301600612406652,3.1153696046394246,53.397434990755805,90.4676482402135,Pass
S0209,F,27,Biology,0.5962593204914971,10.643352635064378,4.0,69.64420060791986,83.40089221209328,Fail
S0210,M,22,Chemistry,0.752585319734521,18.34662997639219,2.855151353747876,80.06139511513184,84.11460559547258,Pass
S0211,M,22,Physics,0.6888751388048446,13.246723727056626,3.5711762181058813,91.89754050189647,78.18993813129033,Pass
S0212,M,20,Engineering,0.7978566452915047,14.862635599326678,3.660693457348372,79.75196374628561,58.58302616122968,Fail
S0213,M,26,Math,0.5612893028755568,20.799181609865744,2.7540236976883357,83.78090514057916,56.49426465920526,Fail
S0214,M,21,Engineering,0.8847051593804234,8.513008282554729,2.551753152419015,74.35801428538797,73.25187238064743,Pass
S0215,M,22,Engineering,0.7048092447059966,24.01587731661357,3.6872335131284117,100.0,77.6803813652347,Pass
S0216,M,21,Math,0.9493628355022035,12.040316272401197,2.681065837654166,64.72625533507659,62.770063387229165,Pass
S0217,F,22,Engineering,0.7584651740305434,16.824639832052853,2.4633900523947583,69.51142674072308,82.62015507495435,Pass
S0218,M,24,Physics,0.7961916430423269,5.196444278075399,2.589624298920542,72.61462889009731,100.0,Pass
S0219,F,26,Chemistry,0.7740447681954624,20.038861036099732,2.678631996944753,88.14056596965086,43.60204705299137,Fail
S0220,M,24,Math,0.6967760464849592,25.125527551626043,3.5139702627754064,64.41710315319679,85.48040059614769,Pass
S0221,M,22,Biology,1.0,11.39750915547297,3.3090256039657127,82.03577885821998,73.81245682396542,Pass
S0222,M,27,Engineering,0.7256200732989073,7.228436294432801,3.4293949468547344,82.47365215139837,83.11179999602379,Pass
S0223,F,27,Math,0.9535282283698491,16.94588145319896,3.2528278866588494,69.5846304389993,67.24713539171476,Pass
S0224,F,24,CS,0.6359556580904908,25.183674514942197,2.643695902652017,84.94969191435285,72.37092206915099,Pass
S0225,F,27,CS,,4.851004041633659,3.4182617135449633,64.88279151893853,77.33100811814579,Pass
S0226,F,22,Chemistry,0.8718308245897755,7.255842731401606,3.7094722959631823,63.24388786307381,69.57059009636531,Pass
S0227,M,20,Physics,,11.82067309181939,3.3507019296715854,81.49408634782161,47.63025628734182,Fail
S0228,F,24,Chemistry,0.7143492920540641,9.257593228285131,3.2697935439755104,55.10366621782906,70.78952944839985,Pass
S0229,M,19,Chemistry,0.7605017146079055,9.279701733737033,2.539767296057594,47.82795946174643,49.50419469246851,Fail
S0230,M,26,Chemistry,0.739506574704032,0.3411556063535599,3.127090247384687,87.992499511952,86.75747599044557,Pass
S0231,F,27,Chemistry,,19.123398631841074,2.507855202330779,95.73454913886755,41.4201881805938,Fail
S0232,F,27,Biology,0.7966095365832772,17.371043520087447,2.9855832851516375,72.99795321961206,93.51577883020602,Pass
S0233,F,18,Biology,0.8787333167995927,3.108055601374482,2.0158400164648103,69.97894021853344,82.73213400366264,Pass
S0234,F,23,Math,1.0,25.200370319693725,2.020464958204744,95.08302838961839,82.80099508321011,Pass
S0235,F,24,CS,0.6685521998038728,26.76764620451341,2.8853713860317822,62.8169267300162,36.042422378738884,Fail
S0236,F,25,Chemistry,0.8056490349751907,9.7436611515392,2.6709361969038063,59.549410629182624,69.08521011435198,Pass
S0237,F,27,Math,0.7596220802477917,23.16584013683904,3.0640723160845043,90.61454635562731,95.76414171587749,Pass
S0238,F,26,CS,0.7870792331774955,10.989015365063379,2.9191388525309288,80.1355727976846,65.66505637745469,Pass
S0239,M,19,Engineering,0.7731482049323772,16.267815571477424,3.018114472326093,95.97315108935356,55.59488130065314,Fail
S0240,F,27,Physics,0.6902184371554675,9.149665054853637,3.3651644654140442,47.896011818330315,63.53993828989718,Pass
S0241,F,19,Biology,0.829311542749495,30.49976066423593,2.7220386266035006,58.98989013322156,73.77100279249191,Pass
S0242,M,22,Engineering,0.6406050833875848,12.927879408690714,2.868333713013082,80.21498089766234,59.67533189436939,Fail
S0243,F,22,CS,0.9483324105963528,15.885143159764237,3.873012733657898,86.2651054772568,97.20871017760729,Pass
S0244,M,23,Engineering,0.8934964709981906,10.18443828775321,3.001850476095016,92.70495631534187,73.83598446017294,Pass
S0245,M,20,Physics,0.7259805775453977,28.029209180654764,2.892473715224767,82.62226653213166,64.9997517369373,Pass
S0246,F,25,CS,0.7332525017939211,28.206302522625872,3.0495076195939137,82.46982733037854,51.57581651695957,Fail
S0247,M,18,Engineering,0.841326584352238,26.416504268840583,2.903181376194282,74.15897685454702,83.72003889502088,Pass
S0248,M,23,Biology,0.6802182026590727,21.695082438433353,2.5742566242280653,100.0,83.30999330480454,Pass
S0249,M,21,Biology,1.0,10.626473171461633,2.4011820976921676,63.45464816794253,60.740239688675544,Pass
S0250,M,18,Math,0.8536888593037654,20.794950671736927,2.541941195909997,85.38530228833908,34.746077490345385,Fail
S0251,F,24,Engineering,0.8589894727075517,14.95070040752685,3.523751512062472,65.1828674811797,82.39371941236591,Pass
S0252,M,26,Chemistry,0.9022167620535929,24.186860352198423,2.6220568471689525,88.02167818707514,71.63753895730196,Pass
S0253,F,21,Engineering,0.7130805088894895,22.81131437355753,2.907045238898234,64.4447364591835,81.04928102266204,Pass
S0254,M,21,CS,0.9633514972677161,10.45514095346853,3.4204417710797386,91.15723547750687,100.0,Pass
S0255,M,23,CS,0.8171800049323197,21.634780619860514,2.8329652975134128,81.68157420236776,74.51702681323692,Pass
S0256,M,20,Engineering,0.9425218206498248,19.774241150307486,3.3800167889061914,100.0,65.75090489683011,Pass
S0257,M,23,Physics,0.7703070310147505,0.0,2.07552417454148,75.78470529092621,54.34820458232988,Fail
S0258,F,24,Biology,0.9975917340096779,20.606556477406237,2.920489992274862,86.37449174371318,69.37640775308911,Pass
S0259,F,27,CS,0.8602015440537185,11.977429479518557,3.047337657959105,68.30515579308936,77.89039229308155,Pass
S0260,M,27,Biology,1.0,8.797702819678285,3.0138832338589006,75.68160490338059,75.95953357077768,Pass
S0261,M,20,CS,,9.097175769943801,2.0082487812966696,81.58624219166529,100.0,Pass
S0262,F,24,Math,0.8306824094136118,14.05329973057578,3.721867587858483,57.09170116292939,83.98354017838697,Pass
S0263,M,20,Chemistry,0.6452635629694764,18.360417060606782,2.48719623301715,58.73564098722842,72.57358431287022,Pass
S0264,M,19,CS,0.720605264368067,5.441765844654738,3.2010222751574804,88.99788949753467,62.28190958099749,Pass
S0265,M,27,Biology,0.8928029821771859,16.32893485348725,3.004778569588398,77.80869767702481,79.80010974809977,Pass
S0266,F,21,Math,0.9693986656309251,,3.6022257142864067,71.10610200427968,58.673853149112134,Fail
S0267,F,25,CS,1.0,28.03264048568742,4.0,68.94520729374867,78.23695943168232,Pass
S0268,F,26,Physics,0.7855056640065169,7.46316881542409,2.2257813092742986,69.5226680641446,83.77345068428718,Pass
S0269,M,24,Chemistry,0.6600179888531604,12.552714692555373,2.610651671236501,81.68826072512343,71.10385999011395,Pass
S0270,M,18,CS,0.9129988640565863,16.831640808875356,3.1134554963034313,86.67553796174285,63.65484400682745,Pass
S0271,F,20,Math,0.6308259169248042,23.031865311341242,2.336788009468325,48.61839155562164,35.66465674797169,Fail
S0272,F,26,Physics,0.8846416082040105,12.870432831797302,3.469309564773456,100.0,95.58906107556703,Pass
S0273,F,18,Engineering,0.7246616425708814,23.390489603937358,3.506023573294235,100.0,82.25940702441507,Pass
S0274,F,26,Math,0.831739245557059,1.4384637846647819,3.335669445597022,45.04017854679651,82.69711106852608,Pass
S0275,M,25,Math,0.9636569153247001,6.226562648146798,3.1419490505257186,96.28890044484196,46.895657956008606,Fail
S0276,F,18,Physics,0.7833899856378956,17.440510410339545,3.8218252667818686,95.82828276996564,99.83709659532103,Pass
S0277,M,23,Math,0.9399318626492933,5.124228513384873,2.306624710998683,80.00668241281318,66.62609640087456,Pass
S0278,F,22,Physics,0.9309737822928724,6.778706312632982,3.0391609172055323,60.54247067172685,69.80168455140925,Pass
S0279,M,23,CS,0.5203502707536358,11.305561950278424,2.556718278761867,95.22842137497608,55.752836602461144,Fail
S0280,F,27,Physics,0.6647598880946642,20.40007294341077,3.533949799539101,76.38153400553973,42.834976835882735,Fail
S0281,F,22,Physics,,,1.8999953012961404,88.23318265728435,95.83223361102421,Fail
S0282,F,23,Chemistry,1.0,16.192088535136758,2.983149680644212,100.0,98.15875264915724,Pass
S0283,F,22,Physics,0.784191211184401,22.23074763006964,3.201143212241969,83.77755125935428,72.0204932756401,Pass
S0284,M,22,Physics,1.0,13.63538354099729,2.4315047190157353,66.24672962422157,62.7710777434857,Pass
S0285,F,21,Engineering,0.5550571579187026,12.418188392852217,2.62428598066706,74.96403507620417,68.21320495558335,Fail
S0286,M,20,CS,0.7140847363177212,17.812398977910018,3.0092273888232635,68.15831959638518,68.7069301793601,Pass
S0287,M,20,Chemistry,0.9200747362648959,13.65522263094992,3.573057827664886,86.50234576172784,53.40252500076723,Fail
S0288,M,21,Engineering,0.8268911906640026,24.733498468685227,2.380278462847768,67.90898661875293,69.73940612201088,Pass
S0289,M,26,Biology,0.8799289839220188,7.220108915058955,2.4849300357751885,72.90722866475535,77.75583587281785,Pass
S0290,F,19,CS,0.6119287649310114,14.638490913844405,3.6753526626242063,60.733544383886006,93.32683045767753,Pass
S0291,M,26,CS,1.0,16.43980462472479,2.836214760048099,78.01869491721285,75.25639495224682,Pass
S0292,M,18,Biology,0.9165524143635934,12.350821637074782,2.5334765760930136,82.65132189953074,46.62566923981015,Fail
S0293,M,18,Physics,0.860243825823721,0.0,3.4372108783301494,39.728179293237616,81.36386153757618,Pass
S0294,F,22,Engineering,0.6971584578377289,13.87366564365565,2.7070818016606517,83.89360342220331,70.39324988994443,Pass
S0295,F,23,Math,0.8485700191408918,21.301238908387266,3.616452921203264,79.31449653354831,99.6673744917096,Pass
S0296,F,23,Chemistry,0.7562765031509765,20.446764302882123,2.6017677738121727,68.52512076865808,100.0,Pass
S0297,F,20,Math,,17.483449375191398,2.9042432629050023,100.0,100.0,Fail
S0298,M,24,Biology,0.7924365722417769,7.314963491555435,3.566982999233239,94.37714791407132,64.89141716328098,Pass
S0299,M,26,CS,0.7764904402666212,17.767166237209388,2.8642434772957492,63.553962707728985,100.0,Pass
S0300,F,27,CS,0.9593602264812681,10.985935249204335,3.4536319932471877,92.57355319356711,81.31696508812273,Pass
S0301,M,25,Chemistry,0.4648360336528697,17.474380341640668,2.9606714359313973,98.66747114031587,100.0,Fail
S0302,M,23,CS,0.8352799743282052,15.850535079812008,4.0,81.98031383926336,65.95284695102832,Pass
S0303,M,25,CS,0.6266647927841424,8.165373101016398,3.9412671624617093,85.42163055420988,69.62525872302672,Pass
S0304,F,22,Chemistry,0.847883501329332,8.752809124501676,2.203142242539751,85.07520000382387,79.93249234809754,Pass
S0305,F,25,Engineering,0.8561420083365959,17.485157180950615,3.313346208748806,48.71276211615067,77.73379697305091,Pass
S0306,M,27,Engineering,0.7869732834304712,13.452208332980488,2.510157608339375,77.19695604724402,97.58661498244506,Pass
S0307,F,21,Chemistry,0.9210939687216627,9.118029985400097,3.1149041632756385,76.41630737023956,70.82167226612782,Pass
S0308,F,27,Biology,0.6131350911350452,8.54018867191217,3.0410223775861565,100.0,95.96306982558642,Pass
S0309,F,25,CS,0.9661580675422551,12.873184064096488,2.3667677897445074,,88.18022112838776,Pass
S0310,F,27,CS,0.6937881700708788,25.976733563027473,3.635090726118195,75.53583556824958,71.15894006507132,Pass
S0311,F,19,Biology,0.5666152024265158,11.317453774516288,3.121981766141445,78.64812888513482,86.78417911468163,Fail
S0312,M,22,Engineering,0.7591406044250287,14.90186323219688,2.8291901785964497,95.35078372441102,66.48122915700512,Pass
S0313,F,26,Physics,0.48572637159800225,15.71151001382657,2.737134105453843,77.23123005132027,100.0,Fail
S0314,M,21,Physics,0.8381260838369303,7.082815259556398,3.0838661818597415,69.52706700362586,27.042018220659955,Fail
S0315,M,23,Physics,0.7611124336129662,2.6601726131011336,3.2447550105085714,75.864467106187,87.1129776809107,Pass
S0316,F,18,Engineering,0.9850530382064054,7.813514856849883,2.92501452818504,94.11044215734023,43.23727363301315,Fail
S0317,M,26,Engineering,0.8973386315760494,16.729541644644122,1.3004882575342749,87.44247358396905,70.93817934207476,Pass
S0318,M,18,Biology,0.5912005494217986,15.611317405407865,3.01013442974549,80.66401960023671,73.45905438951758,Fail
S0319,M,22,CS,0.6742418763323172,19.916845984057456,2.1351107630341337,82.87308949167246,100.0,Pass
S0320,F,21,Biology,0.8780996630801314,15.677249264713815,2.874328460610555,71.60386289606777,62.54126018261598,Pass
S0321,F,20,Biology,0.9270618514977552,14.233154959715575,2.157261445758215,77.0907589933602,98.54421448191201,Pass
S0322,M,23,Engineering,0.983375137233032,10.77191407552411,2.1501014189523198,70.05043517338224,53.78130047595366,Fail
S0323,F,19,Physics,0.9821763927958023,21.192247529038852,3.741073093169117,75.57831073550385,99.24005502758759,Pass
S0324,F,20,Math,0.7865716084628142,8.565739028954983,2.807944811433366,100.0,66.4617820457375,Pass
S0325,F,22,CS,0.8543983433376754,7.227203378927854,2.7620027041068496,63.831922829342155,76.32182134634014,Pass
S0326,F,26,Engineering,0.9948107755915695,18.96938862171672,3.2895144292971548,69.66923500365627,68.94518406401272,Pass
S0327,M,19,Physics,0.7545037307096077,5.667898825424414,2.7776456861565286,61.18551705596372,98.08254253408087,Pass
S0328,M,27,Math,0.8569589280410186,31.903536990610423,4.0,57.936368642186025,94.57931717820746,Pass
S0329,F,25,Math,0.7509678830480523,15.559953663914003,2.8361881435643883,77.19842128707063,82.98303097052144,Pass
S0330,F,19,Engineering,0.717357782830186,17.435342814274197,3.219075247189806,70.7358622729882,54.26636907743807,Fail
S0331,M,22,Chemistry,0.8072577677428706,9.34106122833629,3.5825647988261164,100.0,62.12960637545563,Pass
S0332,M,24,CS,0.6968684822990613,12.793146090309175,3.9613519353641458,75.7573018073331,56.48562254088974,Fail
S0333,F,25,Math,0.7803626040845376,12.012700181823522,2.554796318605416,99.34095295145036,34.53342803774106,Fail
S0334,M,18,Engineering,0.6447567703201802,11.20715508631951,2.7492218976968132,94.5200971241095,97.70372583330084,Pass
S0335,F,23,Engineering,0.7715008419226431,19.430732260568785,3.7647551251761087,76.86568767163979,69.09917652583145,Pass
S0336,F,18,Physics,0.8672585440423793,11.852967732423032,3.486037382431615,100.0,68.90710864273865,Pass
S0337,M,19,Chemistry,0.7116854695689807,22.12250860358927,3.645105561401075,84.02800979697213,100.0,Pass
S0338,M,18,CS,0.8013937628796369,33.642276450838764,2.178777273864199,100.0,66.43220515704539,Pass
S0339,F,22,Biology,0.8209013890431897,12.931211318974157,3.928799852354411,100.0,59.87152315765324,Fail
S0340,F,27,Physics,0.8678802337732002,16.066208595036368,2.543155474029117,86.21971977657174,70.95457883073028,Pass
S0341,M,26,Math,0.7799630238042177,17.65637440015855,3.1153757868851377,91.26696271708776,54.611957066215865,Fail
S0342,F,23,Math,0.9628799512801709,27.68053368815462,2.9110662734449377,89.36107122679213,81.19840384718322,Pass
S0343,M,18,Physics,0.4848621707822124,14.421465504732678,2.472910298071158,62.83607852912438,68.27408259124493,Fail
S0344,F,18,Engineering,1.0,9.19688156239146,2.1524785419473984,80.85935531679525,65.86911460931138,Pass
S0345,M,19,Math,0.6693299353943726,6.135616460620071,1.9536911300202613,96.11370850916991,64.30974290363456,Pass
S0346,M,26,Chemistry,0.8605085035031117,14.594112367974361,3.0714110436323847,100.0,73.08801311084379,Pass
S0347,M,20,CS,0.6592298134691228,11.861338466622824,2.084808545859927,69.19040492252076,76.50266025935731,Pass
S0348,F,18,Chemistry,0.8966402239263953,29.07006502510001,2.31971064294787,87.9324695271953,65.64044840866461,Pass
S0349,F,22,Math,0.8414853728892392,27.389036944738763,2.869178473081068,82.26305319916301,68.54221315028735,Pass
S0350,M,24,Biology,0.7023929693982366,7.759390204534814,1.4167148998440602,78.23188903127607,73.53258911725172,Pass
S0351,F,23,CS,,10.02467927515575,3.4673878272264007,85.3400394383754,71.7164735602883,Pass
S0352,M,18,CS,0.7754058680597119,15.516390755208203,1.5540670997359152,83.26996115999206,75.55936740375024,Pass
S0353,M,22,Physics,0.8820823907085507,24.78058495791134,2.9535765652003363,88.12111353308882,62.81992554153575,Pass
S0354,F,22,Physics,0.6624260292205946,15.399091954597358,3.0090115359565734,100.0,93.08267236427683,Pass
S0355,F,23,Biology,0.795366854664263,10.469315534083675,3.3228370321090854,91.7619138629705,76.74290719337131,Pass
S0356,M,20,Engineering,1.0,14.587827330680927,2.974991518566064,84.65886888309053,65.93075844915221,Pass
S0357,F,22,CS,0.9444448293671195,10.600605952727673,4.0,100.0,81.19891591281363,Pass
S0358,F,24,Biology,0.8461431133176578,19.217340466076376,3.1297901289411003,96.64894393820504,73.66136522126314,Pass
S0359,M,22,Physics,0.7326618758585307,10.036764018347064,3.6321674395461963,78.61402342094978,43.79112561929397,Fail
S0360,M,22,Physics,0.8101247803812514,11.426947633011231,2.5659223146778274,61.74319396470642,81.13714842398927,Pass
S0361,F,22,CS,0.8296348985258574,23.133536694192674,3.0724540837136805,65.18253978619302,56.64888835708463,Fail
S0362,M,27,Chemistry,0.8673842652379619,9.621445368801496,3.928542057017356,93.9984867247345,91.81970009816354,Pass
S0363,M,27,Math,0.6385009237733502,4.877103772078865,2.8573829251862155,70.54531281120528,70.64850649991796,Pass
S0364,F,20,Physics,0.9002611941413547,15.664956259494133,3.1153408585171385,64.87916784332077,89.04126535303915,Pass
S0365,M,18,Engineering,0.6365610352558021,12.47668617056783,3.5885120694824852,68.628720099692,63.65606604244307,Pass
S0366,M,22,Engineering,1.0,18.579908506509675,2.5546622878850194,69.6892353186395,76.25872680853152,Pass
S0367,F,26,Physics,0.6842557516374683,17.222303543117633,1.7030638000084841,92.75971501673376,96.78438300912377,Pass
S0368,F,18,Chemistry,0.8444942479514264,14.776570537496466,3.1533441922274212,77.64886886326586,70.15770216453319,Pass
S0369,M,20,Chemistry,0.9507713859917027,14.57269602171003,3.593201501614802,59.414380995508914,64.36529222275551,Pass
S0370,M,21,Biology,0.7621429934803325,9.848990854740155,2.1891325410648173,80.46567346643535,86.7907310480722,Pass
S0371,F,18,Engineering,0.8510900028649788,15.5834294969527,3.402131938366403,83.33399198672363,86.4419087415173,Pass
S0372,F,18,Biology,1.0,21.16899347002938,3.4061798324037227,72.80994707838722,65.12251559853325,Pass
S0373,F,25,Engineering,0.8846604481839899,8.185872810203668,1.6359022445308176,,39.26170163248028,Fail
S0374,F,19,Math,0.853332594451153,14.962218365469258,2.4382268205559368,73.68591671461573,64.01958640502959,Pass
S0375,M,25,Math,0.5472821907769307,22.26872129014228,2.7625027315610025,96.62506529955725,87.19247139035559,Fail
S0376,F,24,CS,0.6599416620889667,18.537968652516895,2.892225599858858,88.95174169512464,61.049384590372966,Pass
S0377,F,27,Biology,0.9570380191475019,24.16631027445499,2.5541194411392096,93.8990826206661,74.80311893370848,Pass
S0378,M,27,Physics,0.8854925458012074,11.023003691159659,2.5217983178506906,63.521737387904075,63.16527111660581,Pass
S0379,F,19,Biology,0.9082199410677612,2.1846208612359375,4.0,81.47465288357154,40.220991074531106,Fail
S0380,M,23,Physics,0.8953095398322346,16.40456262768981,2.935464520884655,79.20757993137846,62.8413388132813,Pass
S0381,F,23,Chemistry,0.9934634792563062,17.537995705185395,2.582973803910156,58.669902126387,87.11637637241482,Pass
S0382,F,20,Biology,0.7607900112567316,24.578953681308725,2.97529831385247,96.57591094704364,32.33545535881538,Fail
S0383,F,19,Chemistry,0.8180749938183952,23.317020142948888,3.3222544998366863,,79.53901230856036,Pass
S0384,M,18,Math,0.6456988500306374,18.75720536108723,3.030975826026725,70.85648256746026,53.65075383481056,Fail
S0385,M,23,Math,0.6082966124845436,20.357731499193036,2.876563445503216,64.80026246603411,85.95195725053546,Pass
S0386,F,22,CS,0.5534388926617914,13.657249792553525,2.609989998797728,90.5177948910556,87.85774084572576,Fail
S0387,M,26,Biology,0.6672254751500228,6.466197720765484,2.6027214927194406,57.11105421841106,71.90493717159703,Pass
S0388,M,18,Chemistry,1.0,15.824048521666372,2.641314968108784,89.26812200696853,71.945973141938,Pass
S0389,M,24,Physics,0.5670909398275944,21.87801424539444,3.203288760486442,95.66770979365191,60.48547145154657,Fail
S0390,M,22,Math,0.7544696021634204,19.59452608879984,2.403491944558928,88.0576764143864,50.77949879811061,Fail
S0391,M,22,Math,0.6060282014530765,20.836651374115554,3.2359615340821333,90.68942725769644,100.0,Pass
S0392,M,19,Physics,0.7098539055494959,12.005710190672737,3.847796853376098,91.39319704367064,59.4287143109197,Fail
S0393,F,20,Chemistry,0.8254540688528029,13.141172133871034,3.19542441468792,65.75863509911355,100.0,Pass
S0394,F,24,Chemistry,0.6949826190192488,18.383978416802222,2.7782486826497177,100.0,59.52899928359682,Fail
S0395,M,23,Biology,,11.174448238438718,2.2211238689672217,73.09885618799753,84.45342702607911,Pass
S0396,F,19,Biology,1.0,11.389980510468984,3.9468640847469083,79.00418573615042,54.51947112623458,Fail
S0397,F,23,Engineering,0.4626356407916092,17.085875654642162,2.297989409640653,75.01044022473562,84.42111030423628,Fail
S0398,F,19,Engineering,0.6975511504473316,20.326333202098354,3.5091372206854485,87.37313181315963,69.1394275712438,Pass
S0399,F,19,CS,0.8088713183408635,13.603299286694138,3.383110716356691,71.92944135293867,69.37470910783793,Pass
S0400,M,19,Math,0.9689175539023072,6.857673772624526,2.857938838221564,81.00373586356054,85.9804170561201,Pass
S0401,F,20,Biology,0.7318633587270107,9.84937259470019,2.8422127177315932,61.469842742809924,66.55545542857624,Pass
S0402,F,19,Chemistry,0.7970096907131285,16.425704594251687,1.8985732355753877,97.46997812752358,49.293327081988245,Fail
S0403,M,21,Physics,0.6264883662422077,16.340646747061754,3.1980390004875727,90.06111418925305,88.70350014137014,Pass
S0404,M,26,Chemistry,0.5700806221606483,16.688666963587437,3.3719557994374827,75.61610357147346,54.373789380318094,Fail
S0405,F,23,Math,1.0,18.649067034170294,2.346551930311317,72.96276454961284,84.29731111916237,Pass
S0406,F,18,Engineering,0.5263895189160596,15.04067390979715,2.906507115402538,89.66942369476546,92.51393781599401,Fail
S0407,F,25,Chemistry,1.0,16.855392313882188,3.02271714900537,69.39059929046057,68.2411100456601,Pass
S0408,F,24,CS,0.9087727099072612,14.684812240197934,3.350743576769741,81.88047973647754,96.28235119365212,Pass
S0409,F,27,Math,0.9019959613275135,23.041134380506072,3.0022818456739127,97.4209818114711,83.67210674150311,Pass
S0410,F,20,Engineering,0.8863203001241645,25.026394218522512,2.0242083876230494,67.83114321294211,62.47449443739404,Pass
S0411,M,18,Physics,0.7620971467998554,6.676921023339759,2.6820373383225062,85.52901243680304,100.0,Pass
S0412,F,22,Engineering,0.8588126794551304,13.213236405284226,3.1347754712334117,84.73587900403238,54.44990720869097,Fail
S0413,F,21,CS,0.7716654968323288,15.229071440784953,3.5049170052238554,78.53994772005976,68.21939226173582,Pass
S0414,M,27,Math,0.882960991466072,13.131597015899754,2.629418034363452,72.44315623844095,71.28633353485208,Pass
S0415,M,25,Physics,0.7949470209636926,27.550458139316113,4.0,98.22195585341578,85.8940266183286,Pass
S0416,M,18,CS,0.6574477725347398,16.567686946628143,1.8633161586978213,71.0364704634955,95.07779935286041,Pass
S0417,M,27,Engineering,0.6694141075607366,9.362397210647593,2.6617798949652594,52.8194164830557,93.95024802424885,Pass
S0418,F,18,CS,0.6523591437061245,19.175096376924696,2.950179837904336,89.60800387446551,79.02746975233751,Pass
S0419,F,21,Math,0.9456351097901464,,2.8795505018682817,61.98044975348249,69.9551561196558,Pass
S0420,F,25,Biology,0.7073830081311353,17.129350436873953,2.2607146021111006,90.37821717282631,42.132283650702654,Fail
S0421,F,22,CS,0.513184525837271,27.65513311159433,3.268717048651076,100.0,51.3453746198061,Fail
S0422,F,19,CS,0.8595257998773208,17.455496230283664,3.222656430788353,89.44624817598012,100.0,Pass
S0423,F,23,Engineering,1.0,12.874369332882027,3.028776867588928,96.07116952831237,41.95070422495429,Fail
S0424,M,22,Engineering,0.915962478376629,1.3130650158292945,3.1991063179551094,100.0,60.87916842164203,Pass
S0425,F,19,Physics,0.7095014652167432,13.842206872995417,2.7457341531311816,94.5014069391342,95.60291307690161,Pass
S0426,M,20,Engineering,0.5619782426607367,24.141789421290323,2.029582229934859,84.95860088938154,78.77483938555261,Fail
S0427,M,26,Chemistry,0.7798597844963735,14.36181616310669,2.570016077968653,100.0,91.70481127810245,Pass
S0428,F,24,Math,0.7761164182854935,0.0,3.094232748845665,100.0,84.77091032287218,Pass
S0429,M,24,Math,0.6546200584529351,11.511463254652874,3.0976466489078374,100.0,100.0,Pass
S0430,F,23,Biology,0.8826555953363806,21.948819772389545,3.024827431551509,72.61784727205996,80.31769115816793,Pass
S0431,M,25,Biology,1.0,18.820720221934106,3.329224960791019,59.68972462252394,86.9420591247272,Pass
S0432,F,21,Math,0.8333424076187427,9.120833724424852,2.6513123727299903,71.7021172484767,61.96356242294988,Pass
S0433,M,25,Biology,0.8240714310498269,11.043006565206428,3.0160086342663215,90.55462423689762,85.55399356040647,Pass
S0434,F,21,Physics,0.6594157926749267,12.125039386283083,3.343255667042953,82.38738417998158,67.86973023619389,Pass
S0435,F,25,Engineering,1.0,10.361003596959488,2.949066108898588,76.90278522234729,66.84409437634717,Pass
S0436,F,26,Math,0.7887283749784976,0.7922829258229243,2.254005642956341,88.40722098207404,91.10502326364848,Pass
S0437,F,20,Biology,0.7131555117208744,20.345137704338992,2.4231069782066776,57.937923774900995,91.22922076906855,Pass
S0438,F,20,Math,0.8095532590477424,23.79941969682365,3.49851139456762,82.11753948037313,100.0,Pass
S0439,M,19,Chemistry,,4.370857392246819,3.8354832977655438,96.77686467271815,100.0,Pass
S0440,M,27,CS,0.8208823112967355,23.7069705281042,3.7051698646944295,88.23973466837343,91.51167290445795,Pass
S0441,M,20,Engineering,0.9809230093505887,14.27883759021949,3.139293569845221,90.37714732750592,44.031979015739175,Fail
S0442,F,20,Math,0.8575957328820294,23.57592643717512,2.2781204387899843,100.0,100.0,Pass
S0443,M,22,CS,0.7574087283676199,15.265653054033121,2.996189065936279,79.007850726895,91.52341807199451,Pass
S0444,F,22,Biology,0.8601788324490336,15.94881214511041,3.937353079170253,70.20362507974495,61.214518378446556,Pass
S0445,F,19,CS,0.8749455651688937,17.60704252887549,3.371093028273885,97.84272563997563,88.12036480013008,Pass
S0446,M,27,Engineering,0.6055436121104237,9.469535724053053,2.8755134863896763,97.56680946550891,56.32921666267089,Fail
S0447,M,23,Math,0.9724129592395573,23.36271901029615,3.37717513970473,88.37437512133695,86.13534216197536,Pass
S0448,F,22,Chemistry,0.7548643970957962,7.150335533476506,2.2383628760306373,77.59443499126327,51.30713926066621,Fail
S0449,M,23,Biology,0.7587015164741855,12.185532788383306,2.5825971732910786,80.02069476511977,60.45206864184055,Pass
S0450,F,18,Math,0.9127063980613919,18.669852743502183,2.349485165386605,60.8484057180337,87.77872432560949,Pass
S0451,F,22,Engineering,0.9120747836389372,11.435633316601754,3.2817430910090595,96.69419795310804,94.31196137387208,Pass
S0452,F,26,Biology,0.6948752481700872,20.44271868570461,3.4284620998320556,96.16476964293716,80.85786346980859,Pass
S0453,F,27,Physics,0.920435242721853,,2.90770438368098,60.32475874299824,69.84896453961653,Pass
S0454,F,19,CS,0.7159327772765715,22.087822007376857,2.4762421939562604,93.01448125859204,36.93240668969417,Fail
S0455,M,18,Engineering,1.0,1.4471928042496491,2.9881505438792235,86.06152482513512,71.23762020627552,Pass
S0456,M,27,Physics,0.6757709028101355,15.8809287873355,2.7080520655957154,64.67038834413805,84.6027313828415,Pass
S0457,F,26,Math,0.8359216192558845,22.200778274874743,2.5222975771837532,61.90999698391296,69.29822809315836,Pass
S0458,F,27,Chemistry,0.6826973544638589,5.782758072245601,3.203396211185548,85.60239904102583,74.59359706030047,Pass
S0459,M,26,Biology,1.0,20.065274110602125,2.5452046664887957,74.03443829139623,71.65888557747742,Pass
S0460,M,26,CS,0.6143268583869327,19.672225471475183,2.0601901602215444,100.0,69.20928807921419,Pass
S0461,F,23,Biology,0.8786544120879366,6.5153707564321435,2.193531317782088,94.28897591973359,76.36579301927662,Pass
S0462,M,25,Math,0.6897634378283302,20.839628660181127,2.0380437199104304,87.10539705098341,70.0914975212557,Pass
S0463,F,18,Biology,0.746883853782802,16.908884554709545,3.1485071499457224,87.84618506003592,100.0,Pass
S0464,M,27,CS,0.8680306750617764,19.55267252104888,3.090243262905698,99.96300770550752,35.28446072909281,Fail
S0465,F,21,Math,0.9836876656439215,8.235813299644072,3.0603120567048974,92.69777137591007,65.1748334525206,Pass
S0466,M,18,Biology,1.0,16.050952814599693,3.3526389914879653,,59.33538797668995,Fail
S0467,F,25,Chemistry,0.569457805996052,3.0658501210737343,3.71517531367027,65.29608235553735,78.94399080061937,Fail
S0468,M,18,Engineering,0.8401626836546694,0.0,2.6446400815049307,100.0,76.38860614589628,Pass
S0469,M,20,Math,1.0,15.985798985694249,3.243886486343051,63.4522586403765,100.0,Pass
S0470,F,21,Engineering,0.547203359185709,22.70418324732917,2.052230695556474,75.31185894349753,100.0,Fail
S0471,M,25,Math,0.8471575241082271,16.770557699855562,3.8272258477580103,55.17907585385004,61.08449779973134,Pass
S0472,F,23,Chemistry,0.7996874303869724,14.55587755239098,2.253101257069106,88.08197238153893,75.00900117060533,Pass
S0473,M,27,Engineering,0.8621812721569683,13.687261159615886,2.5739513285757374,82.2666565592721,78.5334795046384,Pass
S0474,F,24,Physics,0.6841543962010287,8.402042259898538,2.6413742917601444,91.4791465754714,60.639352529927955,Pass
S0475,M,25,CS,0.584657175767984,13.446973673432856,2.0842374019666727,53.91401553343349,86.31087664867721,Fail
S0476,F,19,Physics,0.5130340362231463,17.95179127785111,3.019545346445137,96.69358501071397,70.688867362231,Fail
S0477,M,27,Biology,0.9464575930193154,11.953444370395601,3.1283423209208894,67.88846897795578,55.7825726891824,Fail
S0478,F,25,Chemistry,0.9656073704725031,20.254107976850435,2.88635179741107,77.76492200954202,69.96777052320222,Pass
S0479,M,20,Physics,0.8454028023493979,16.37182523705222,2.075851420781354,93.97356903021597,57.04185769066832,Fail
S0480,F,24,Math,0.7198777475467856,17.218855924413848,4.0,83.9190002619785,93.65964292954659,Pass
S0481,F,20,Biology,0.5565431159801383,21.220639274856723,3.329538477900989,84.97913835000296,100.0,Fail
S0482,F,24,Biology,0.8845018193757537,11.312711971415066,4.0,91.98768229858099,79.40674873010171,Pass
S0483,M,19,Physics,0.6348831075744973,19.61566410330866,2.5169344560682245,86.43185959908087,77.00298182495897,Pass
S0484,F,27,Physics,0.6933052062859194,12.29466297923618,3.574729336906186,74.88338146176925,77.74382580373535,Pass
S0485,M,23,Chemistry,0.7120153880655923,17.37660138673188,3.467564332436498,77.50296307647157,96.28021252088968,Pass
S0486,F,20,CS,0.7703697161454548,10.47960054554402,2.8256549381415828,83.17818017977734,95.89258206474929,Pass
S0487,M,20,Physics,0.6861439329187028,8.625073238546875,3.8466305406355343,,72.91823576613184,Pass
S0488,F,26,Physics,0.8050188156488455,15.643053219539455,2.756753995431733,,79.54661869282364,Pass
S0489,M,24,Engineering,0.7067272549240413,1.8035996358521798,2.7834651483452357,84.32980896211227,86.7476353291874,Pass
S0490,M,22,Math,0.9052059597258835,12.926127895437828,0.9171420648369698,81.12164401882953,54.52162578208679,Fail
S0491,F,27,Engineering,0.954659437098208,3.755360960735737,3.2454168322455823,97.88744838547207,96.82694827356822,Pass
S0492,M,24,Engineering,0.8162814014042659,20.454638240195255,2.2046940529905563,78.19829535182946,100.0,Pass
S0493,M,26,Biology,0.8693939503071654,22.3507741727624,2.669567282582693,77.26368504271375,95.97057788711024,Pass
S0494,F,18,CS,1.0,8.95234145005436,2.3842682167529836,72.73056853994053,52.57930959093801,Fail
S0495,M,24,Math,0.6241095114708026,17.998190737314474,2.780261076409043,85.14600513388903,39.539991802460264,Fail
S0496,M,23,Chemistry,0.6149797848079842,21.293949995812444,3.2663281381304614,84.62675162497273,87.75693612332277,Pass
S0497,M,27,Chemistry,0.9042496851165313,21.317284557512483,3.0066849378292546,70.0057369923514,61.316589918682446,Pass
S0498,F,26,Physics,1.0,16.501155837801488,3.425784774303484,77.334590343299,80.16840037421375,Pass
S0499,M,18,Physics,0.7609252157091917,20.140132728930478,3.759377721351379,70.10596597221151,100.0,Pass
S0500,F,21,Chemistry,1.0,10.454680816557241,2.7787224379932987,69.42697319276765,63.17480682482862,Pass
